sample_id,image_path,excel_row,uuid,hospital,exam_id,group_id,label,label_index,split,positive_points,negative_points,phase_point_ratio
row_002680__bfc6304685fd4fb0864b7857fd7d57ef,images/test/row_002680__bfc6304685fd4fb0864b7857fd7d57ef.png,2680,bfc6304685fd4fb0864b7857fd7d57ef,善心体检,01-008315,善心体检::01-008315,阻塞性通气功能障碍,3,test,416,420,1.0096153846153846
row_002629__09bc4e61fddf4973b5766d544d870437,images/train/row_002629__09bc4e61fddf4973b5766d544d870437.png,2629,09bc4e61fddf4973b5766d544d870437,汕头市第三人民医院,01-000529,汕头市第三人民医院::01-000529,混合性通气功能障碍,4,train,195,227,1.1641025641025642
row_000412__d248d8c41a71481782e70f04d35214be,images/train/row_000412__d248d8c41a71481782e70f04d35214be.png,412,d248d8c41a71481782e70f04d35214be,深圳市南山区田厦社区健康服务中心,01-000564,深圳市南山区田厦社区健康服务中心::01-000564,非特异性通气功能障碍,5,train,352,348,1.011494252873563
row_003362__labour,images/val/row_003362__labour.png,3362,labour,414,red,414::red,小气道功能障碍,6,val,359,313,1.146964856230032
row_002534__552fef5f8e114533a4f8ede6572dcd29,images/train/row_002534__552fef5f8e114533a4f8ede6572dcd29.png,2534,552fef5f8e114533a4f8ede6572dcd29,佛山市南海区第七人民医院,01-000449,佛山市南海区第七人民医院::01-000449,限制性通气功能障碍,1,train,204,209,1.0245098039215683
row_000487__4e0a6951cfdf4e02982feb848fa84e57,images/test/row_000487__4e0a6951cfdf4e02982feb848fa84e57.png,487,4e0a6951cfdf4e02982feb848fa84e57,广州市越秀区光塔街社区卫生服务中心,01-000195,广州市越秀区光塔街社区卫生服务中心::01-000195,限制性通气功能障碍,1,test,276,273,1.010989010989011
row_004636__labour,images/val/row_004636__labour.png,4636,labour,255,green,255::green,阻塞性通气功能障碍,3,val,241,224,1.0758928571428572
row_001009__9a3f501cc0b14793b38ed2b2a3d6326f,images/train/row_001009__9a3f501cc0b14793b38ed2b2a3d6326f.png,1009,9a3f501cc0b14793b38ed2b2a3d6326f,东莞市洪梅镇社区卫生服务中心,01-000237,东莞市洪梅镇社区卫生服务中心::01-000237,肺通气功能正常,2,train,391,400,1.0230179028132993
row_000154__01111e8beade4e47bfcd618f33e30573,images/val/row_000154__01111e8beade4e47bfcd618f33e30573.png,154,01111e8beade4e47bfcd618f33e30573,东莞市厚街镇社区卫生服务中心,01-000966,东莞市厚街镇社区卫生服务中心::01-000966,不可用/不明确,0,val,198,178,1.1123595505617978
row_002262__d02aef732e634b30b62c1c031c168573,images/train/row_002262__d02aef732e634b30b62c1c031c168573.png,2262,d02aef732e634b30b62c1c031c168573,深圳市坪山区人民医院碧岭社区健康服务中心,01-000317,深圳市坪山区人民医院碧岭社区健康服务中心::01-000317,不可用/不明确,0,train,228,225,1.0133333333333334
row_002367__7f51a81d5f654d33b842127f746a3694,images/test/row_002367__7f51a81d5f654d33b842127f746a3694.png,2367,7f51a81d5f654d33b842127f746a3694,汕头潮阳区文光街道社区卫生服务中心,01-000335,汕头潮阳区文光街道社区卫生服务中心::01-000335,混合性通气功能障碍,4,test,133,143,1.075187969924812
row_003850__labour,images/test/row_003850__labour.png,3850,labour,359,color_2,359::color_2,限制性通气功能障碍,1,test,285,293,1.0280701754385966
row_000208__9fd89ad442b4402ba7bc6dc646615520,images/train/row_000208__9fd89ad442b4402ba7bc6dc646615520.png,208,9fd89ad442b4402ba7bc6dc646615520,东莞市寮步镇社区卫生服务中心,01-001784,东莞市寮步镇社区卫生服务中心::01-001784,肺通气功能正常,2,train,420,423,1.0071428571428571
row_003017__labour,images/train/row_003017__labour.png,3017,labour,163,green,163::green,小气道功能障碍,6,train,352,346,1.0173410404624277
row_000665__60bfcc098d464113aa625799afccbc09,images/test/row_000665__60bfcc098d464113aa625799afccbc09.png,665,60bfcc098d464113aa625799afccbc09,佛山市南海区盐步医院,01-000576,佛山市南海区盐步医院::01-000576,肺通气功能正常,2,test,371,370,1.002702702702703
row_001773__c91dec01082c4db5a1414027de66ea0f,images/val/row_001773__c91dec01082c4db5a1414027de66ea0f.png,1773,c91dec01082c4db5a1414027de66ea0f,英德市东华镇中心卫生院,01-000633,英德市东华镇中心卫生院::01-000633,不可用/不明确,0,val,322,305,1.0557377049180328
row_002902__labour,images/train/row_002902__labour.png,2902,labour,91,purple,91::purple,小气道功能障碍,6,train,365,351,1.03988603988604
row_001746__c8b44d4237c746f38ec4e564c8cb7ed2,images/train/row_001746__c8b44d4237c746f38ec4e564c8cb7ed2.png,1746,c8b44d4237c746f38ec4e564c8cb7ed2,马鞍山社区健康服务中心,01-000355,马鞍山社区健康服务中心::01-000355,不可用/不明确,0,train,301,287,1.048780487804878
row_004911__gy,images/train/row_004911__gy.png,4911,gy,0081387003,P2,0081387003::P2,非特异性通气功能障碍,5,train,175,154,1.1363636363636365
row_003627__labour,images/val/row_003627__labour.png,3627,labour,206,blue,206::blue,限制性通气功能障碍,1,val,385,385,1.0
row_001365__2fcc97819df4431ba08b0e3d55393b8e,images/train/row_001365__2fcc97819df4431ba08b0e3d55393b8e.png,1365,2fcc97819df4431ba08b0e3d55393b8e,深圳市坪山区人民医院万科金域缇香社区健康服务中心,01-000144,深圳市坪山区人民医院万科金域缇香社区健康服务中心::01-000144,肺通气功能正常,2,train,264,207,1.2753623188405796
row_003789__labour,images/val/row_003789__labour.png,3789,labour,324,color_2,324::color_2,限制性通气功能障碍,1,val,132,135,1.0227272727272727
row_004730__labour,images/test/row_004730__labour.png,4730,labour,359,color_2,359::color_2,阻塞性通气功能障碍,3,test,248,253,1.0201612903225807
row_003063__labour,images/train/row_003063__labour.png,3063,labour,205,red,205::red,小气道功能障碍,6,train,187,152,1.230263157894737
row_003905__labour,images/train/row_003905__labour.png,3905,labour,33,red,33::red,混合性通气功能障碍,4,train,168,129,1.302325581395349
row_004081__labour,images/train/row_004081__labour.png,4081,labour,267,red,267::red,混合性通气功能障碍,4,train,232,210,1.1047619047619048
row_000082__262db602b0e942d3a78f75a1da9a79d5,images/train/row_000082__262db602b0e942d3a78f75a1da9a79d5.png,82,262db602b0e942d3a78f75a1da9a79d5,深圳市南山区阳光社区健康服务中心,01-000265,深圳市南山区阳光社区健康服务中心::01-000265,不可用/不明确,0,train,288,260,1.1076923076923078
row_000485__9918f644acf043f896945ed1d0aa4779,images/train/row_000485__9918f644acf043f896945ed1d0aa4779.png,485,9918f644acf043f896945ed1d0aa4779,善心体检,01-010252,善心体检::01-010252,限制性通气功能障碍,1,train,237,245,1.0337552742616034
row_001062__3c68f8e776614a299a8be48503998413,images/train/row_001062__3c68f8e776614a299a8be48503998413.png,1062,3c68f8e776614a299a8be48503998413,广州市越秀区大东街社区卫生服务中心,01-000030,广州市越秀区大东街社区卫生服务中心::01-000030,不可用/不明确,0,train,307,300,1.0233333333333334
row_004529__labour,images/train/row_004529__labour.png,4529,labour,75,blue,75::blue,阻塞性通气功能障碍,3,train,251,249,1.0080321285140563
row_004924__gy,images/train/row_004924__gy.png,4924,gy,Z0000702973,P3,Z0000702973::P3,非特异性通气功能障碍,5,train,128,104,1.2307692307692308
row_004389__labour,images/test/row_004389__labour.png,4389,labour,568,green,568::green,混合性通气功能障碍,4,test,284,257,1.105058365758755
row_002634__93dc5d8ced374a8bb6fc33d441178c01,images/val/row_002634__93dc5d8ced374a8bb6fc33d441178c01.png,2634,93dc5d8ced374a8bb6fc33d441178c01,深圳市南山区龙海家园社区健康服务中心,01-000269,深圳市南山区龙海家园社区健康服务中心::01-000269,混合性通气功能障碍,4,val,336,376,1.119047619047619
row_004975__gy,images/train/row_004975__gy.png,4975,gy,0081370216,P3,0081370216::P3,非特异性通气功能障碍,5,train,146,148,1.0136986301369864
row_002264__ef848db444de4931bacb5f815e136432,images/train/row_002264__ef848db444de4931bacb5f815e136432.png,2264,ef848db444de4931bacb5f815e136432,深圳市坪山区人民医院碧岭社区健康服务中心,01-000317,深圳市坪山区人民医院碧岭社区健康服务中心::01-000317,不可用/不明确,0,train,223,229,1.0269058295964126
row_001416__19baa3b12dc44374b3f4448133423e71,images/train/row_001416__19baa3b12dc44374b3f4448133423e71.png,1416,19baa3b12dc44374b3f4448133423e71,善心体检,01-008380,善心体检::01-008380,肺通气功能正常,2,train,264,269,1.018939393939394
row_000735__a40c9495ebd44cdf922742e233b1917e,images/train/row_000735__a40c9495ebd44cdf922742e233b1917e.png,735,a40c9495ebd44cdf922742e233b1917e,善心体检,01-011625,善心体检::01-011625,阻塞性通气功能障碍,3,train,402,409,1.0174129353233832
row_004291__labour,images/train/row_004291__labour.png,4291,labour,513,red,513::red,混合性通气功能障碍,4,train,196,200,1.020408163265306
row_003303__labour,images/train/row_003303__labour.png,3303,labour,339,blue,339::blue,小气道功能障碍,6,train,222,225,1.0135135135135136
row_000483__fc2665f9e5ac4b48bf6c74555793e973,images/train/row_000483__fc2665f9e5ac4b48bf6c74555793e973.png,483,fc2665f9e5ac4b48bf6c74555793e973,善心体检,01-010252,善心体检::01-010252,限制性通气功能障碍,1,train,223,228,1.0224215246636772
row_000233__66c5dd4108c144aa902cf1f824c811f0,images/train/row_000233__66c5dd4108c144aa902cf1f824c811f0.png,233,66c5dd4108c144aa902cf1f824c811f0,化州市中垌卫生院,02-001430,化州市中垌卫生院::02-001430,混合性通气功能障碍,4,train,221,230,1.0407239819004526
row_000377__ba95b55ef1dc478db4391208e5901725,images/train/row_000377__ba95b55ef1dc478db4391208e5901725.png,377,ba95b55ef1dc478db4391208e5901725,沙头社区健康服务中心,01-000536,沙头社区健康服务中心::01-000536,不可用/不明确,0,train,266,270,1.0150375939849623
row_001393__d886987a61d146e985d9e36890a0dfb5,images/train/row_001393__d886987a61d146e985d9e36890a0dfb5.png,1393,d886987a61d146e985d9e36890a0dfb5,佛山市南海区盐步医院,01-001197,佛山市南海区盐步医院::01-001197,肺通气功能正常,2,train,284,262,1.083969465648855
row_003328__labour,images/train/row_003328__labour.png,3328,labour,354,green,354::green,小气道功能障碍,6,train,393,405,1.0305343511450382
row_003280__labour,images/train/row_003280__labour.png,3280,labour,330,blue,330::blue,小气道功能障碍,6,train,311,320,1.0289389067524115
row_003721__labour,images/val/row_003721__labour.png,3721,labour,280,color_1,280::color_1,限制性通气功能障碍,1,val,274,278,1.0145985401459854
row_003246__labour,images/train/row_003246__labour.png,3246,labour,317,green,317::green,小气道功能障碍,6,train,178,188,1.0561797752808988
row_002599__2e64d988b1b54243a8bf4f433e6d8646,images/train/row_002599__2e64d988b1b54243a8bf4f433e6d8646.png,2599,2e64d988b1b54243a8bf4f433e6d8646,深圳市南山区南光社区健康服务中心,01-000274,深圳市南山区南光社区健康服务中心::01-000274,肺通气功能正常,2,train,280,312,1.1142857142857143
row_000703__a6369f16006a49a59312a2726bec7fd1,images/train/row_000703__a6369f16006a49a59312a2726bec7fd1.png,703,a6369f16006a49a59312a2726bec7fd1,佛山市南海区盐步医院,01-000490,佛山市南海区盐步医院::01-000490,不可用/不明确,0,train,405,413,1.019753086419753
row_002699__labour,images/train/row_002699__labour.png,2699,labour,2,red,2::red,小气道功能障碍,6,train,453,458,1.011037527593819
row_002289__f9272a2551954ed5968fc486f610b6b0,images/test/row_002289__f9272a2551954ed5968fc486f610b6b0.png,2289,f9272a2551954ed5968fc486f610b6b0,衙边社区健康服务中心,01-000525,衙边社区健康服务中心::01-000525,不可用/不明确,0,test,265,241,1.099585062240664
row_002911__labour,images/train/row_002911__labour.png,2911,labour,96,blue,96::blue,小气道功能障碍,6,train,268,293,1.0932835820895523
row_001778__ddde38c5ad9740b2898e1d2801185b35,images/test/row_001778__ddde38c5ad9740b2898e1d2801185b35.png,1778,ddde38c5ad9740b2898e1d2801185b35,英德市东华镇中心卫生院,01-000644,英德市东华镇中心卫生院::01-000644,混合性通气功能障碍,4,test,143,113,1.2654867256637168
row_000185__450b6f57efaa45f3ad276cf0d36b1c1c,images/train/row_000185__450b6f57efaa45f3ad276cf0d36b1c1c.png,185,450b6f57efaa45f3ad276cf0d36b1c1c,水田社康中心,01-000676,水田社康中心::01-000676,不可用/不明确,0,train,259,212,1.221698113207547
row_003464__labour,images/train/row_003464__labour.png,3464,labour,49,red,49::red,限制性通气功能障碍,1,train,170,171,1.0058823529411764
row_000083__68b0407749e14b6aae7fea6e206264fa,images/train/row_000083__68b0407749e14b6aae7fea6e206264fa.png,83,68b0407749e14b6aae7fea6e206264fa,深圳市南山区阳光社区健康服务中心,01-000265,深圳市南山区阳光社区健康服务中心::01-000265,不可用/不明确,0,train,311,292,1.0650684931506849
row_003737__labour,images/val/row_003737__labour.png,3737,labour,289,color_2,289::color_2,限制性通气功能障碍,1,val,180,144,1.25
row_002368__2b276285285446dbb6faab0cb9d53383,images/test/row_002368__2b276285285446dbb6faab0cb9d53383.png,2368,2b276285285446dbb6faab0cb9d53383,汕头潮阳区文光街道社区卫生服务中心,01-000335,汕头潮阳区文光街道社区卫生服务中心::01-000335,混合性通气功能障碍,4,test,145,130,1.1153846153846154
row_001099__362dc0b9e46a427799dfb7c95a173703,images/train/row_001099__362dc0b9e46a427799dfb7c95a173703.png,1099,362dc0b9e46a427799dfb7c95a173703,佛山市南海区盐步医院,01-000426,佛山市南海区盐步医院::01-000426,非特异性通气功能障碍,5,train,408,403,1.0124069478908189
row_004795__labour,images/train/row_004795__labour.png,4795,labour,399,color_1,399::color_1,阻塞性通气功能障碍,3,train,162,164,1.0123456790123455
row_004978__gy,images/train/row_004978__gy.png,4978,gy,0080292279,P3,0080292279::P3,非特异性通气功能障碍,5,train,116,98,1.183673469387755
row_001359__249170e65fc84e5d8901fcbcc0b53546,images/train/row_001359__249170e65fc84e5d8901fcbcc0b53546.png,1359,249170e65fc84e5d8901fcbcc0b53546,深圳市南山区南光社区健康服务中心,01-000294,深圳市南山区南光社区健康服务中心::01-000294,肺通气功能正常,2,train,272,268,1.0149253731343284
row_001544__4725de4969ff4aed8fda8808739d9d39,images/test/row_001544__4725de4969ff4aed8fda8808739d9d39.png,1544,4725de4969ff4aed8fda8808739d9d39,善心体检,01-010841,善心体检::01-010841,肺通气功能正常,2,test,418,367,1.1389645776566757
row_002284__a42b5668720740969a4d9fb4ada1d672,images/train/row_002284__a42b5668720740969a4d9fb4ada1d672.png,2284,a42b5668720740969a4d9fb4ada1d672,深圳市南山区南油社区健康服务中心,01-000174,深圳市南山区南油社区健康服务中心::01-000174,肺通气功能正常,2,train,363,296,1.226351351351351
row_000733__5ac96ea815c14bafae362c9999fb3fc4,images/train/row_000733__5ac96ea815c14bafae362c9999fb3fc4.png,733,5ac96ea815c14bafae362c9999fb3fc4,善心体检,01-011625,善心体检::01-011625,阻塞性通气功能障碍,3,train,411,415,1.0097323600973236
row_001740__5784f55e33b846e0b65709f06cd96051,images/train/row_001740__5784f55e33b846e0b65709f06cd96051.png,1740,5784f55e33b846e0b65709f06cd96051,深圳市南山区南光社区健康服务中心,01-000269,深圳市南山区南光社区健康服务中心::01-000269,肺通气功能正常,2,train,268,264,1.0151515151515151
row_002393__f312e14f003544239ecf825c10d07c3e,images/train/row_002393__f312e14f003544239ecf825c10d07c3e.png,2393,f312e14f003544239ecf825c10d07c3e,广州善心体检中心,01-000422,广州善心体检中心::01-000422,阻塞性通气功能障碍,3,train,318,337,1.059748427672956
row_004715__labour,images/train/row_004715__labour.png,4715,labour,351,color_1,351::color_1,阻塞性通气功能障碍,3,train,241,218,1.1055045871559632
row_004986__gy,images/train/row_004986__gy.png,4986,gy,M0081872468,P2,M0081872468::P2,非特异性通气功能障碍,5,train,112,116,1.0357142857142858
row_003781__labour,images/test/row_003781__labour.png,3781,labour,313,color_1,313::color_1,限制性通气功能障碍,1,test,171,182,1.064327485380117
row_004412__labour,images/test/row_004412__labour.png,4412,labour,584,green,584::green,混合性通气功能障碍,4,test,110,104,1.0576923076923077
row_000687__b6e650d6960943a68f4d0e4b36959ed5,images/test/row_000687__b6e650d6960943a68f4d0e4b36959ed5.png,687,b6e650d6960943a68f4d0e4b36959ed5,广州善心体检中心,01-000500,广州善心体检中心::01-000500,阻塞性通气功能障碍,3,test,339,308,1.1006493506493509
row_001893__c573044a10d646df85016c066f609a4f,images/train/row_001893__c573044a10d646df85016c066f609a4f.png,1893,c573044a10d646df85016c066f609a4f,广州市越秀区光塔街社区卫生服务中心,01-000204,广州市越秀区光塔街社区卫生服务中心::01-000204,肺通气功能正常,2,train,335,328,1.021341463414634
row_004954__gy,images/train/row_004954__gy.png,4954,gy,0081241575,P3,0081241575::P3,非特异性通气功能障碍,5,train,131,136,1.0381679389312977
row_004764__labour,images/train/row_004764__labour.png,4764,labour,378,color_2,378::color_2,阻塞性通气功能障碍,3,train,338,341,1.0088757396449703
row_003970__labour,images/train/row_003970__labour.png,3970,labour,164,red,164::red,混合性通气功能障碍,4,train,342,325,1.0523076923076924
row_004916__gy,images/train/row_004916__gy.png,4916,gy,M0000023121,P1,M0000023121::P1,非特异性通气功能障碍,5,train,112,117,1.0446428571428572
row_004613__labour,images/train/row_004613__labour.png,4613,labour,243,green,243::green,阻塞性通气功能障碍,3,train,240,239,1.00418410041841
row_004564__labour,images/train/row_004564__labour.png,4564,labour,116,green,116::green,阻塞性通气功能障碍,3,train,252,244,1.0327868852459017
row_004933__gy,images/test/row_004933__gy.png,4933,gy,Z0000697892,P3,Z0000697892::P3,非特异性通气功能障碍,5,test,131,126,1.0396825396825398
row_004157__labour,images/test/row_004157__labour.png,4157,labour,444,green,444::green,混合性通气功能障碍,4,test,302,303,1.0033112582781456
row_004235__labour,images/train/row_004235__labour.png,4235,labour,480,brown,480::brown,混合性通气功能障碍,4,train,159,161,1.0125786163522013
row_001104__71a27540549f4f6babdebcc26ee6ae7e,images/train/row_001104__71a27540549f4f6babdebcc26ee6ae7e.png,1104,71a27540549f4f6babdebcc26ee6ae7e,深圳市南山区星海名城社区健康服务中心,01-000142,深圳市南山区星海名城社区健康服务中心::01-000142,不可用/不明确,0,train,303,240,1.2625
row_001707__cdf6a8541ee94d8b895f6fa5329ba1a6,images/train/row_001707__cdf6a8541ee94d8b895f6fa5329ba1a6.png,1707,cdf6a8541ee94d8b895f6fa5329ba1a6,深圳市南山区星海名城社区健康服务中心,01-000161,深圳市南山区星海名城社区健康服务中心::01-000161,肺通气功能正常,2,train,312,248,1.2580645161290325
row_003272__labour,images/train/row_003272__labour.png,3272,labour,326,blue,326::blue,小气道功能障碍,6,train,205,195,1.051282051282051
row_001402__40bc5a7cfaa540bd83a6cef14f5d28ab,images/train/row_001402__40bc5a7cfaa540bd83a6cef14f5d28ab.png,1402,40bc5a7cfaa540bd83a6cef14f5d28ab,善心体检,01-009344,善心体检::01-009344,不可用/不明确,0,train,380,366,1.0382513661202186
row_002935__labour,images/train/row_002935__labour.png,2935,labour,126,red,126::red,小气道功能障碍,6,train,329,336,1.0212765957446808
row_004948__gy,images/train/row_004948__gy.png,4948,gy,M0081969300,P3,M0081969300::P3,非特异性通气功能障碍,5,train,134,136,1.0149253731343284
row_004958__gy,images/train/row_004958__gy.png,4958,gy,M0080239210,P1,M0080239210::P1,非特异性通气功能障碍,5,train,129,140,1.0852713178294573
row_000486__32b1b5953adf4c1eab3ba547c5837d0b,images/test/row_000486__32b1b5953adf4c1eab3ba547c5837d0b.png,486,32b1b5953adf4c1eab3ba547c5837d0b,广州市越秀区光塔街社区卫生服务中心,01-000195,广州市越秀区光塔街社区卫生服务中心::01-000195,限制性通气功能障碍,1,test,287,270,1.0629629629629629
row_004998__gy,images/train/row_004998__gy.png,4998,gy,LXY19630120,P2,LXY19630120::P2,非特异性通气功能障碍,5,train,146,149,1.0205479452054795
row_003730__labour,images/train/row_003730__labour.png,3730,labour,285,color_3,285::color_3,限制性通气功能障碍,1,train,264,247,1.0688259109311742
row_002720__labour,images/train/row_002720__labour.png,2720,labour,13,red,13::red,小气道功能障碍,6,train,248,234,1.0598290598290598
row_000734__bb3b01feca0a462085ff0372408033b2,images/train/row_000734__bb3b01feca0a462085ff0372408033b2.png,734,bb3b01feca0a462085ff0372408033b2,善心体检,01-011625,善心体检::01-011625,阻塞性通气功能障碍,3,train,393,393,1.0
row_003880__labour,images/train/row_003880__labour.png,3880,labour,375,color_2,375::color_2,限制性通气功能障碍,1,train,306,262,1.16793893129771
row_002777__labour,images/train/row_002777__labour.png,2777,labour,39,red,39::red,小气道功能障碍,6,train,197,161,1.2236024844720497
row_005000__gy,images/train/row_005000__gy.png,5000,gy,0080277168,P1,0080277168::P1,非特异性通气功能障碍,5,train,133,131,1.015267175572519
row_000182__7fb91e3409334ad4a3cc8383c87475a0,images/train/row_000182__7fb91e3409334ad4a3cc8383c87475a0.png,182,7fb91e3409334ad4a3cc8383c87475a0,佛山市南海区盐步医院,01-000254,佛山市南海区盐步医院::01-000254,肺通气功能正常,2,train,338,350,1.0355029585798816
